{"cameraMode":{"drawMode":0,"name":"Shaded","section":"Shading Mode"},"sceneLighting":true,"audioPlay":false,"sceneViewState":{"showFog":true,"showMaterialUpdate":false,"showSkybox":true,"showFlares":true,"showImageEffects":true,"showParticleSystems":true},"in2DMode":false,"pivot":{"x":31.05838394165039,"y":-17.913684844970704,"z":10.552996635437012},"rotation":{"x":-0.17757214605808259,"y":-0.6457329988479614,"z":0.15802299976348878,"w":-0.725627064704895},"size":28.80356216430664,"orthographic":false}